{
  "fio version" : "fio-3.28",
  "timestamp" : 1704109987,
  "timestamp_ms" : 1704109987963,
  "time" : "Mon Jan  1 11:53:07 2024",
  "jobs" : [
    {
      "jobname" : "RW_131072",
      "groupid" : 0,
      "error" : 0,
      "eta" : 0,
      "elapsed" : 6,
      "job options" : {
        "name" : "RW_131072",
        "rw" : "randwrite",
        "bs" : "131072",
        "iodepth" : "1",
        "size" : "3221225472",
        "numjobs" : "1",
        "direct" : "1",
        "filename" : "/dev/nvme2n1",
        "offset" : "19327352832",
        "startdelay" : "2",
        "runtime" : "30"
      },
      "read" : {
        "io_bytes" : 0,
        "io_kbytes" : 0,
        "bw_bytes" : 0,
        "bw" : 0,
        "iops" : 0.000000,
        "runtime" : 0,
        "total_ios" : 0,
        "short_ios" : 0,
        "drop_ios" : 0,
        "slat_ns" : {
          "min" : 0,
          "max" : 0,
          "mean" : 0.000000,
          "stddev" : 0.000000,
          "N" : 0
        },
        "clat_ns" : {
          "min" : 0,
          "max" : 0,
          "mean" : 0.000000,
          "stddev" : 0.000000,
          "N" : 0
        },
        "lat_ns" : {
          "min" : 0,
          "max" : 0,
          "mean" : 0.000000,
          "stddev" : 0.000000,
          "N" : 0
        },
        "bw_min" : 0,
        "bw_max" : 0,
        "bw_agg" : 0.000000,
        "bw_mean" : 0.000000,
        "bw_dev" : 0.000000,
        "bw_samples" : 0,
        "iops_min" : 0,
        "iops_max" : 0,
        "iops_mean" : 0.000000,
        "iops_stddev" : 0.000000,
        "iops_samples" : 0
      },
      "write" : {
        "io_bytes" : 3221225472,
        "io_kbytes" : 3145728,
        "bw_bytes" : 1025541379,
        "bw" : 1001505,
        "iops" : 7824.259790,
        "runtime" : 3141,
        "total_ios" : 24576,
        "short_ios" : 0,
        "drop_ios" : 0,
        "slat_ns" : {
          "min" : 0,
          "max" : 0,
          "mean" : 0.000000,
          "stddev" : 0.000000,
          "N" : 0
        },
        "clat_ns" : {
          "min" : 68201,
          "max" : 1816183,
          "mean" : 125713.405762,
          "stddev" : 282166.998891,
          "N" : 24576,
          "percentile" : {
            "1.000000" : 68096,
            "5.000000" : 69120,
            "10.000000" : 69120,
            "20.000000" : 70144,
            "30.000000" : 70144,
            "40.000000" : 70144,
            "50.000000" : 71168,
            "60.000000" : 72192,
            "70.000000" : 73216,
            "80.000000" : 76288,
            "90.000000" : 91648,
            "95.000000" : 117248,
            "99.000000" : 1662976,
            "99.500000" : 1761280,
            "99.900000" : 1810432,
            "99.950000" : 1810432,
            "99.990000" : 1810432
          }
        },
        "lat_ns" : {
          "min" : 69236,
          "max" : 1817349,
          "mean" : 127478.328166,
          "stddev" : 282168.195508,
          "N" : 24576
        },
        "bw_min" : 999936,
        "bw_max" : 1004800,
        "bw_agg" : 100.000000,
        "bw_mean" : 1002624.000000,
        "bw_dev" : 1703.891076,
        "bw_samples" : 6,
        "iops_min" : 7812,
        "iops_max" : 7850,
        "iops_mean" : 7833.000000,
        "iops_stddev" : 13.311649,
        "iops_samples" : 6
      },
      "trim" : {
        "io_bytes" : 0,
        "io_kbytes" : 0,
        "bw_bytes" : 0,
        "bw" : 0,
        "iops" : 0.000000,
        "runtime" : 0,
        "total_ios" : 0,
        "short_ios" : 0,
        "drop_ios" : 0,
        "slat_ns" : {
          "min" : 0,
          "max" : 0,
          "mean" : 0.000000,
          "stddev" : 0.000000,
          "N" : 0
        },
        "clat_ns" : {
          "min" : 0,
          "max" : 0,
          "mean" : 0.000000,
          "stddev" : 0.000000,
          "N" : 0
        },
        "lat_ns" : {
          "min" : 0,
          "max" : 0,
          "mean" : 0.000000,
          "stddev" : 0.000000,
          "N" : 0
        },
        "bw_min" : 0,
        "bw_max" : 0,
        "bw_agg" : 0.000000,
        "bw_mean" : 0.000000,
        "bw_dev" : 0.000000,
        "bw_samples" : 0,
        "iops_min" : 0,
        "iops_max" : 0,
        "iops_mean" : 0.000000,
        "iops_stddev" : 0.000000,
        "iops_samples" : 0
      },
      "sync" : {
        "total_ios" : 0,
        "lat_ns" : {
          "min" : 0,
          "max" : 0,
          "mean" : 0.000000,
          "stddev" : 0.000000,
          "N" : 0
        }
      },
      "job_runtime" : 3140,
      "usr_cpu" : 1.337580,
      "sys_cpu" : 3.343949,
      "ctx" : 24579,
      "majf" : 0,
      "minf" : 12,
      "iodepth_level" : {
        "1" : 100.000000,
        "2" : 0.000000,
        "4" : 0.000000,
        "8" : 0.000000,
        "16" : 0.000000,
        "32" : 0.000000,
        ">=64" : 0.000000
      },
      "iodepth_submit" : {
        "0" : 0.000000,
        "4" : 100.000000,
        "8" : 0.000000,
        "16" : 0.000000,
        "32" : 0.000000,
        "64" : 0.000000,
        ">=64" : 0.000000
      },
      "iodepth_complete" : {
        "0" : 0.000000,
        "4" : 100.000000,
        "8" : 0.000000,
        "16" : 0.000000,
        "32" : 0.000000,
        "64" : 0.000000,
        ">=64" : 0.000000
      },
      "latency_ns" : {
        "2" : 0.000000,
        "4" : 0.000000,
        "10" : 0.000000,
        "20" : 0.000000,
        "50" : 0.000000,
        "100" : 0.000000,
        "250" : 0.000000,
        "500" : 0.000000,
        "750" : 0.000000,
        "1000" : 0.000000
      },
      "latency_us" : {
        "2" : 0.000000,
        "4" : 0.000000,
        "10" : 0.000000,
        "20" : 0.000000,
        "50" : 0.000000,
        "100" : 91.267904,
        "250" : 5.558268,
        "500" : 0.000000,
        "750" : 0.000000,
        "1000" : 0.000000
      },
      "latency_ms" : {
        "2" : 3.173828,
        "4" : 0.000000,
        "10" : 0.000000,
        "20" : 0.000000,
        "50" : 0.000000,
        "100" : 0.000000,
        "250" : 0.000000,
        "500" : 0.000000,
        "750" : 0.000000,
        "1000" : 0.000000,
        "2000" : 0.000000,
        ">=2000" : 0.000000
      },
      "latency_depth" : 1,
      "latency_target" : 0,
      "latency_percentile" : 100.000000,
      "latency_window" : 0
    }
  ],
  "disk_util" : [
    {
      "name" : "nvme2n1",
      "read_ios" : 0,
      "write_ios" : 22664,
      "read_merges" : 0,
      "write_merges" : 0,
      "read_ticks" : 0,
      "write_ticks" : 2768,
      "in_queue" : 2768,
      "util" : 96.828047
    }
  ]
}
