{
  "fio version" : "fio-3.28",
  "timestamp" : 1704109982,
  "timestamp_ms" : 1704109982547,
  "time" : "Mon Jan  1 11:53:02 2024",
  "jobs" : [
    {
      "jobname" : "RW_65536",
      "groupid" : 0,
      "error" : 0,
      "eta" : 0,
      "elapsed" : 6,
      "job options" : {
        "name" : "RW_65536",
        "rw" : "randwrite",
        "bs" : "65536",
        "iodepth" : "1",
        "size" : "3221225472",
        "numjobs" : "1",
        "direct" : "1",
        "filename" : "/dev/nvme2n1",
        "offset" : "16106127360",
        "startdelay" : "2",
        "runtime" : "30"
      },
      "read" : {
        "io_bytes" : 0,
        "io_kbytes" : 0,
        "bw_bytes" : 0,
        "bw" : 0,
        "iops" : 0.000000,
        "runtime" : 0,
        "total_ios" : 0,
        "short_ios" : 0,
        "drop_ios" : 0,
        "slat_ns" : {
          "min" : 0,
          "max" : 0,
          "mean" : 0.000000,
          "stddev" : 0.000000,
          "N" : 0
        },
        "clat_ns" : {
          "min" : 0,
          "max" : 0,
          "mean" : 0.000000,
          "stddev" : 0.000000,
          "N" : 0
        },
        "lat_ns" : {
          "min" : 0,
          "max" : 0,
          "mean" : 0.000000,
          "stddev" : 0.000000,
          "N" : 0
        },
        "bw_min" : 0,
        "bw_max" : 0,
        "bw_agg" : 0.000000,
        "bw_mean" : 0.000000,
        "bw_dev" : 0.000000,
        "bw_samples" : 0,
        "iops_min" : 0,
        "iops_max" : 0,
        "iops_mean" : 0.000000,
        "iops_stddev" : 0.000000,
        "iops_samples" : 0
      },
      "write" : {
        "io_bytes" : 3221225472,
        "io_kbytes" : 3145728,
        "bw_bytes" : 1041120062,
        "bw" : 1016718,
        "iops" : 15886.231416,
        "runtime" : 3094,
        "total_ios" : 49152,
        "short_ios" : 0,
        "drop_ios" : 0,
        "slat_ns" : {
          "min" : 0,
          "max" : 0,
          "mean" : 0.000000,
          "stddev" : 0.000000,
          "N" : 0
        },
        "clat_ns" : {
          "min" : 42439,
          "max" : 1137675,
          "mean" : 61775.377543,
          "stddev" : 116034.698036,
          "N" : 49152,
          "percentile" : {
            "1.000000" : 42752,
            "5.000000" : 43264,
            "10.000000" : 43264,
            "20.000000" : 44288,
            "30.000000" : 44288,
            "40.000000" : 44800,
            "50.000000" : 44800,
            "60.000000" : 45312,
            "70.000000" : 45824,
            "80.000000" : 47360,
            "90.000000" : 53504,
            "95.000000" : 59648,
            "99.000000" : 913408,
            "99.500000" : 1003520,
            "99.900000" : 1105920,
            "99.950000" : 1105920,
            "99.990000" : 1122304
          }
        },
        "lat_ns" : {
          "min" : 43042,
          "max" : 1138759,
          "mean" : 62664.149963,
          "stddev" : 116033.972403,
          "N" : 49152
        },
        "bw_min" : 1016192,
        "bw_max" : 1019520,
        "bw_agg" : 100.000000,
        "bw_mean" : 1017450.666667,
        "bw_dev" : 1108.266153,
        "bw_samples" : 6,
        "iops_min" : 15878,
        "iops_max" : 15930,
        "iops_mean" : 15897.666667,
        "iops_stddev" : 17.316659,
        "iops_samples" : 6
      },
      "trim" : {
        "io_bytes" : 0,
        "io_kbytes" : 0,
        "bw_bytes" : 0,
        "bw" : 0,
        "iops" : 0.000000,
        "runtime" : 0,
        "total_ios" : 0,
        "short_ios" : 0,
        "drop_ios" : 0,
        "slat_ns" : {
          "min" : 0,
          "max" : 0,
          "mean" : 0.000000,
          "stddev" : 0.000000,
          "N" : 0
        },
        "clat_ns" : {
          "min" : 0,
          "max" : 0,
          "mean" : 0.000000,
          "stddev" : 0.000000,
          "N" : 0
        },
        "lat_ns" : {
          "min" : 0,
          "max" : 0,
          "mean" : 0.000000,
          "stddev" : 0.000000,
          "N" : 0
        },
        "bw_min" : 0,
        "bw_max" : 0,
        "bw_agg" : 0.000000,
        "bw_mean" : 0.000000,
        "bw_dev" : 0.000000,
        "bw_samples" : 0,
        "iops_min" : 0,
        "iops_max" : 0,
        "iops_mean" : 0.000000,
        "iops_stddev" : 0.000000,
        "iops_samples" : 0
      },
      "sync" : {
        "total_ios" : 0,
        "lat_ns" : {
          "min" : 0,
          "max" : 0,
          "mean" : 0.000000,
          "stddev" : 0.000000,
          "N" : 0
        }
      },
      "job_runtime" : 3094,
      "usr_cpu" : 1.680672,
      "sys_cpu" : 4.815772,
      "ctx" : 49161,
      "majf" : 0,
      "minf" : 10,
      "iodepth_level" : {
        "1" : 100.000000,
        "2" : 0.000000,
        "4" : 0.000000,
        "8" : 0.000000,
        "16" : 0.000000,
        "32" : 0.000000,
        ">=64" : 0.000000
      },
      "iodepth_submit" : {
        "0" : 0.000000,
        "4" : 100.000000,
        "8" : 0.000000,
        "16" : 0.000000,
        "32" : 0.000000,
        "64" : 0.000000,
        ">=64" : 0.000000
      },
      "iodepth_complete" : {
        "0" : 0.000000,
        "4" : 100.000000,
        "8" : 0.000000,
        "16" : 0.000000,
        "32" : 0.000000,
        "64" : 0.000000,
        ">=64" : 0.000000
      },
      "latency_ns" : {
        "2" : 0.000000,
        "4" : 0.000000,
        "10" : 0.000000,
        "20" : 0.000000,
        "50" : 0.000000,
        "100" : 0.000000,
        "250" : 0.000000,
        "500" : 0.000000,
        "750" : 0.000000,
        "1000" : 0.000000
      },
      "latency_us" : {
        "2" : 0.000000,
        "4" : 0.000000,
        "10" : 0.000000,
        "20" : 0.000000,
        "50" : 86.732992,
        "100" : 10.620117,
        "250" : 1.059977,
        "500" : 0.000000,
        "750" : 0.000000,
        "1000" : 0.984701
      },
      "latency_ms" : {
        "2" : 0.602214,
        "4" : 0.000000,
        "10" : 0.000000,
        "20" : 0.000000,
        "50" : 0.000000,
        "100" : 0.000000,
        "250" : 0.000000,
        "500" : 0.000000,
        "750" : 0.000000,
        "1000" : 0.000000,
        "2000" : 0.000000,
        ">=2000" : 0.000000
      },
      "latency_depth" : 1,
      "latency_target" : 0,
      "latency_percentile" : 100.000000,
      "latency_window" : 0
    }
  ],
  "disk_util" : [
    {
      "name" : "nvme2n1",
      "read_ios" : 0,
      "write_ios" : 46010,
      "read_merges" : 0,
      "write_merges" : 0,
      "read_ticks" : 0,
      "write_ticks" : 2727,
      "in_queue" : 2728,
      "util" : 96.828047
    }
  ]
}
