{
  "fio version" : "fio-3.28",
  "timestamp" : 1704354527,
  "timestamp_ms" : 1704354527351,
  "time" : "Thu Jan  4 07:48:47 2024",
  "jobs" : [
    {
      "jobname" : "RR_8192",
      "groupid" : 0,
      "error" : 0,
      "eta" : 0,
      "elapsed" : 17,
      "job options" : {
        "name" : "RR_8192",
        "rw" : "randread",
        "bs" : "8192",
        "iodepth" : "1",
        "size" : "2147483648",
        "numjobs" : "1",
        "direct" : "1",
        "filename" : "/dev/nvme3n1",
        "runtime" : "15",
        "startdelay" : "1"
      },
      "read" : {
        "io_bytes" : 1132945408,
        "io_kbytes" : 1106392,
        "bw_bytes" : 75524658,
        "bw" : 73754,
        "iops" : 9219.318712,
        "runtime" : 15001,
        "total_ios" : 138299,
        "short_ios" : 0,
        "drop_ios" : 0,
        "slat_ns" : {
          "min" : 0,
          "max" : 0,
          "mean" : 0.000000,
          "stddev" : 0.000000,
          "N" : 0
        },
        "clat_ns" : {
          "min" : 107504,
          "max" : 176236,
          "mean" : 108124.337154,
          "stddev" : 761.459381,
          "N" : 138299,
          "percentile" : {
            "1.000000" : 108032,
            "5.000000" : 108032,
            "10.000000" : 108032,
            "20.000000" : 108032,
            "30.000000" : 108032,
            "40.000000" : 108032,
            "50.000000" : 108032,
            "60.000000" : 108032,
            "70.000000" : 108032,
            "80.000000" : 108032,
            "90.000000" : 108032,
            "95.000000" : 108032,
            "99.000000" : 109056,
            "99.500000" : 109056,
            "99.900000" : 109056,
            "99.950000" : 110080,
            "99.990000" : 154624
          }
        },
        "lat_ns" : {
          "min" : 107531,
          "max" : 176408,
          "mean" : 108158.400466,
          "stddev" : 762.672925,
          "N" : 138299
        },
        "bw_min" : 73728,
        "bw_max" : 73824,
        "bw_agg" : 100.000000,
        "bw_mean" : 73776.551724,
        "bw_dev" : 23.609299,
        "bw_samples" : 29,
        "iops_min" : 9216,
        "iops_max" : 9228,
        "iops_mean" : 9222.068966,
        "iops_stddev" : 2.951162,
        "iops_samples" : 29
      },
      "write" : {
        "io_bytes" : 0,
        "io_kbytes" : 0,
        "bw_bytes" : 0,
        "bw" : 0,
        "iops" : 0.000000,
        "runtime" : 0,
        "total_ios" : 0,
        "short_ios" : 0,
        "drop_ios" : 0,
        "slat_ns" : {
          "min" : 0,
          "max" : 0,
          "mean" : 0.000000,
          "stddev" : 0.000000,
          "N" : 0
        },
        "clat_ns" : {
          "min" : 0,
          "max" : 0,
          "mean" : 0.000000,
          "stddev" : 0.000000,
          "N" : 0
        },
        "lat_ns" : {
          "min" : 0,
          "max" : 0,
          "mean" : 0.000000,
          "stddev" : 0.000000,
          "N" : 0
        },
        "bw_min" : 0,
        "bw_max" : 0,
        "bw_agg" : 0.000000,
        "bw_mean" : 0.000000,
        "bw_dev" : 0.000000,
        "bw_samples" : 0,
        "iops_min" : 0,
        "iops_max" : 0,
        "iops_mean" : 0.000000,
        "iops_stddev" : 0.000000,
        "iops_samples" : 0
      },
      "trim" : {
        "io_bytes" : 0,
        "io_kbytes" : 0,
        "bw_bytes" : 0,
        "bw" : 0,
        "iops" : 0.000000,
        "runtime" : 0,
        "total_ios" : 0,
        "short_ios" : 0,
        "drop_ios" : 0,
        "slat_ns" : {
          "min" : 0,
          "max" : 0,
          "mean" : 0.000000,
          "stddev" : 0.000000,
          "N" : 0
        },
        "clat_ns" : {
          "min" : 0,
          "max" : 0,
          "mean" : 0.000000,
          "stddev" : 0.000000,
          "N" : 0
        },
        "lat_ns" : {
          "min" : 0,
          "max" : 0,
          "mean" : 0.000000,
          "stddev" : 0.000000,
          "N" : 0
        },
        "bw_min" : 0,
        "bw_max" : 0,
        "bw_agg" : 0.000000,
        "bw_mean" : 0.000000,
        "bw_dev" : 0.000000,
        "bw_samples" : 0,
        "iops_min" : 0,
        "iops_max" : 0,
        "iops_mean" : 0.000000,
        "iops_stddev" : 0.000000,
        "iops_samples" : 0
      },
      "sync" : {
        "total_ios" : 0,
        "lat_ns" : {
          "min" : 0,
          "max" : 0,
          "mean" : 0.000000,
          "stddev" : 0.000000,
          "N" : 0
        }
      },
      "job_runtime" : 15000,
      "usr_cpu" : 0.600000,
      "sys_cpu" : 1.766667,
      "ctx" : 138299,
      "majf" : 0,
      "minf" : 13,
      "iodepth_level" : {
        "1" : 100.000000,
        "2" : 0.000000,
        "4" : 0.000000,
        "8" : 0.000000,
        "16" : 0.000000,
        "32" : 0.000000,
        ">=64" : 0.000000
      },
      "iodepth_submit" : {
        "0" : 0.000000,
        "4" : 100.000000,
        "8" : 0.000000,
        "16" : 0.000000,
        "32" : 0.000000,
        "64" : 0.000000,
        ">=64" : 0.000000
      },
      "iodepth_complete" : {
        "0" : 0.000000,
        "4" : 100.000000,
        "8" : 0.000000,
        "16" : 0.000000,
        "32" : 0.000000,
        "64" : 0.000000,
        ">=64" : 0.000000
      },
      "latency_ns" : {
        "2" : 0.000000,
        "4" : 0.000000,
        "10" : 0.000000,
        "20" : 0.000000,
        "50" : 0.000000,
        "100" : 0.000000,
        "250" : 0.000000,
        "500" : 0.000000,
        "750" : 0.000000,
        "1000" : 0.000000
      },
      "latency_us" : {
        "2" : 0.000000,
        "4" : 0.000000,
        "10" : 0.000000,
        "20" : 0.000000,
        "50" : 0.000000,
        "100" : 0.000000,
        "250" : 100.000000,
        "500" : 0.000000,
        "750" : 0.000000,
        "1000" : 0.000000
      },
      "latency_ms" : {
        "2" : 0.000000,
        "4" : 0.000000,
        "10" : 0.000000,
        "20" : 0.000000,
        "50" : 0.000000,
        "100" : 0.000000,
        "250" : 0.000000,
        "500" : 0.000000,
        "750" : 0.000000,
        "1000" : 0.000000,
        "2000" : 0.000000,
        ">=2000" : 0.000000
      },
      "latency_depth" : 1,
      "latency_target" : 0,
      "latency_percentile" : 100.000000,
      "latency_window" : 0
    }
  ],
  "disk_util" : [
    {
      "name" : "nvme3n1",
      "read_ios" : 137347,
      "write_ios" : 0,
      "read_merges" : 0,
      "write_merges" : 0,
      "read_ticks" : 14638,
      "write_ticks" : 0,
      "in_queue" : 14638,
      "util" : 99.406390
    }
  ]
}
