{
  "fio version" : "fio-3.28",
  "timestamp" : 1704258368,
  "timestamp_ms" : 1704258368419,
  "time" : "Wed Jan  3 05:06:08 2024",
  "jobs" : [
    {
      "jobname" : "RR_32768",
      "groupid" : 0,
      "error" : 0,
      "eta" : 0,
      "elapsed" : 12,
      "job options" : {
        "name" : "RR_32768",
        "rw" : "randread",
        "bs" : "32768",
        "iodepth" : "1",
        "size" : "8589934592",
        "numjobs" : "1",
        "direct" : "1",
        "filename" : "/dev/nvme1n1",
        "runtime" : "10",
        "startdelay" : "1"
      },
      "read" : {
        "io_bytes" : 1871806464,
        "io_kbytes" : 1827936,
        "bw_bytes" : 187161930,
        "bw" : 182775,
        "iops" : 5711.728827,
        "runtime" : 10001,
        "total_ios" : 57123,
        "short_ios" : 0,
        "drop_ios" : 0,
        "slat_ns" : {
          "min" : 0,
          "max" : 0,
          "mean" : 0.000000,
          "stddev" : 0.000000,
          "N" : 0
        },
        "clat_ns" : {
          "min" : 119932,
          "max" : 270055,
          "mean" : 174894.912732,
          "stddev" : 32498.188278,
          "N" : 57123,
          "percentile" : {
            "1.000000" : 120320,
            "5.000000" : 121344,
            "10.000000" : 121344,
            "20.000000" : 158720,
            "30.000000" : 158720,
            "40.000000" : 160768,
            "50.000000" : 160768,
            "60.000000" : 177152,
            "70.000000" : 177152,
            "80.000000" : 222208,
            "90.000000" : 224256,
            "95.000000" : 224256,
            "99.000000" : 226304,
            "99.500000" : 226304,
            "99.900000" : 228352,
            "99.950000" : 232448,
            "99.990000" : 250880
          }
        },
        "lat_ns" : {
          "min" : 119945,
          "max" : 270068,
          "mean" : 174908.442921,
          "stddev" : 32498.180638,
          "N" : 57123
        },
        "bw_min" : 181824,
        "bw_max" : 184832,
        "bw_agg" : 100.000000,
        "bw_mean" : 182841.263158,
        "bw_dev" : 708.476993,
        "bw_samples" : 19,
        "iops_min" : 5682,
        "iops_max" : 5776,
        "iops_mean" : 5713.789474,
        "iops_stddev" : 22.139906,
        "iops_samples" : 19
      },
      "write" : {
        "io_bytes" : 0,
        "io_kbytes" : 0,
        "bw_bytes" : 0,
        "bw" : 0,
        "iops" : 0.000000,
        "runtime" : 0,
        "total_ios" : 0,
        "short_ios" : 0,
        "drop_ios" : 0,
        "slat_ns" : {
          "min" : 0,
          "max" : 0,
          "mean" : 0.000000,
          "stddev" : 0.000000,
          "N" : 0
        },
        "clat_ns" : {
          "min" : 0,
          "max" : 0,
          "mean" : 0.000000,
          "stddev" : 0.000000,
          "N" : 0
        },
        "lat_ns" : {
          "min" : 0,
          "max" : 0,
          "mean" : 0.000000,
          "stddev" : 0.000000,
          "N" : 0
        },
        "bw_min" : 0,
        "bw_max" : 0,
        "bw_agg" : 0.000000,
        "bw_mean" : 0.000000,
        "bw_dev" : 0.000000,
        "bw_samples" : 0,
        "iops_min" : 0,
        "iops_max" : 0,
        "iops_mean" : 0.000000,
        "iops_stddev" : 0.000000,
        "iops_samples" : 0
      },
      "trim" : {
        "io_bytes" : 0,
        "io_kbytes" : 0,
        "bw_bytes" : 0,
        "bw" : 0,
        "iops" : 0.000000,
        "runtime" : 0,
        "total_ios" : 0,
        "short_ios" : 0,
        "drop_ios" : 0,
        "slat_ns" : {
          "min" : 0,
          "max" : 0,
          "mean" : 0.000000,
          "stddev" : 0.000000,
          "N" : 0
        },
        "clat_ns" : {
          "min" : 0,
          "max" : 0,
          "mean" : 0.000000,
          "stddev" : 0.000000,
          "N" : 0
        },
        "lat_ns" : {
          "min" : 0,
          "max" : 0,
          "mean" : 0.000000,
          "stddev" : 0.000000,
          "N" : 0
        },
        "bw_min" : 0,
        "bw_max" : 0,
        "bw_agg" : 0.000000,
        "bw_mean" : 0.000000,
        "bw_dev" : 0.000000,
        "bw_samples" : 0,
        "iops_min" : 0,
        "iops_max" : 0,
        "iops_mean" : 0.000000,
        "iops_stddev" : 0.000000,
        "iops_samples" : 0
      },
      "sync" : {
        "total_ios" : 0,
        "lat_ns" : {
          "min" : 0,
          "max" : 0,
          "mean" : 0.000000,
          "stddev" : 0.000000,
          "N" : 0
        }
      },
      "job_runtime" : 10000,
      "usr_cpu" : 0.140000,
      "sys_cpu" : 0.860000,
      "ctx" : 57124,
      "majf" : 0,
      "minf" : 19,
      "iodepth_level" : {
        "1" : 100.000000,
        "2" : 0.000000,
        "4" : 0.000000,
        "8" : 0.000000,
        "16" : 0.000000,
        "32" : 0.000000,
        ">=64" : 0.000000
      },
      "iodepth_submit" : {
        "0" : 0.000000,
        "4" : 100.000000,
        "8" : 0.000000,
        "16" : 0.000000,
        "32" : 0.000000,
        "64" : 0.000000,
        ">=64" : 0.000000
      },
      "iodepth_complete" : {
        "0" : 0.000000,
        "4" : 100.000000,
        "8" : 0.000000,
        "16" : 0.000000,
        "32" : 0.000000,
        "64" : 0.000000,
        ">=64" : 0.000000
      },
      "latency_ns" : {
        "2" : 0.000000,
        "4" : 0.000000,
        "10" : 0.000000,
        "20" : 0.000000,
        "50" : 0.000000,
        "100" : 0.000000,
        "250" : 0.000000,
        "500" : 0.000000,
        "750" : 0.000000,
        "1000" : 0.000000
      },
      "latency_us" : {
        "2" : 0.000000,
        "4" : 0.000000,
        "10" : 0.000000,
        "20" : 0.000000,
        "50" : 0.000000,
        "100" : 0.000000,
        "250" : 99.989496,
        "500" : 0.010504,
        "750" : 0.000000,
        "1000" : 0.000000
      },
      "latency_ms" : {
        "2" : 0.000000,
        "4" : 0.000000,
        "10" : 0.000000,
        "20" : 0.000000,
        "50" : 0.000000,
        "100" : 0.000000,
        "250" : 0.000000,
        "500" : 0.000000,
        "750" : 0.000000,
        "1000" : 0.000000,
        "2000" : 0.000000,
        ">=2000" : 0.000000
      },
      "latency_depth" : 1,
      "latency_target" : 0,
      "latency_percentile" : 100.000000,
      "latency_window" : 0
    }
  ],
  "disk_util" : [
    {
      "name" : "nvme1n1",
      "read_ios" : 56522,
      "write_ios" : 0,
      "read_merges" : 0,
      "write_merges" : 0,
      "read_ticks" : 9820,
      "write_ticks" : 0,
      "in_queue" : 9821,
      "util" : 99.079263
    }
  ]
}
