{
  "fio version" : "fio-3.28",
  "timestamp" : 1704258379,
  "timestamp_ms" : 1704258379684,
  "time" : "Wed Jan  3 05:06:19 2024",
  "jobs" : [
    {
      "jobname" : "RR_65536",
      "groupid" : 0,
      "error" : 0,
      "eta" : 0,
      "elapsed" : 12,
      "job options" : {
        "name" : "RR_65536",
        "rw" : "randread",
        "bs" : "65536",
        "iodepth" : "1",
        "size" : "8589934592",
        "numjobs" : "1",
        "direct" : "1",
        "filename" : "/dev/nvme1n1",
        "runtime" : "10",
        "startdelay" : "1"
      },
      "read" : {
        "io_bytes" : 2350186496,
        "io_kbytes" : 2295104,
        "bw_bytes" : 234995150,
        "bw" : 229487,
        "iops" : 3585.741426,
        "runtime" : 10001,
        "total_ios" : 35861,
        "short_ios" : 0,
        "drop_ios" : 0,
        "slat_ns" : {
          "min" : 0,
          "max" : 0,
          "mean" : 0.000000,
          "stddev" : 0.000000,
          "N" : 0
        },
        "clat_ns" : {
          "min" : 169085,
          "max" : 390026,
          "mean" : 278651.793676,
          "stddev" : 61067.658026,
          "N" : 35861,
          "percentile" : {
            "1.000000" : 168960,
            "5.000000" : 168960,
            "10.000000" : 171008,
            "20.000000" : 173056,
            "30.000000" : 268288,
            "40.000000" : 276480,
            "50.000000" : 309248,
            "60.000000" : 309248,
            "70.000000" : 313344,
            "80.000000" : 313344,
            "90.000000" : 358400,
            "95.000000" : 358400,
            "99.000000" : 362496,
            "99.500000" : 362496,
            "99.900000" : 362496,
            "99.950000" : 370688,
            "99.990000" : 382976
          }
        },
        "lat_ns" : {
          "min" : 169098,
          "max" : 390040,
          "mean" : 278669.505675,
          "stddev" : 61067.768891,
          "N" : 35861
        },
        "bw_min" : 226304,
        "bw_max" : 232576,
        "bw_agg" : 100.000000,
        "bw_mean" : 229605.052632,
        "bw_dev" : 1599.049074,
        "bw_samples" : 19,
        "iops_min" : 3536,
        "iops_max" : 3634,
        "iops_mean" : 3587.578947,
        "iops_stddev" : 24.985142,
        "iops_samples" : 19
      },
      "write" : {
        "io_bytes" : 0,
        "io_kbytes" : 0,
        "bw_bytes" : 0,
        "bw" : 0,
        "iops" : 0.000000,
        "runtime" : 0,
        "total_ios" : 0,
        "short_ios" : 0,
        "drop_ios" : 0,
        "slat_ns" : {
          "min" : 0,
          "max" : 0,
          "mean" : 0.000000,
          "stddev" : 0.000000,
          "N" : 0
        },
        "clat_ns" : {
          "min" : 0,
          "max" : 0,
          "mean" : 0.000000,
          "stddev" : 0.000000,
          "N" : 0
        },
        "lat_ns" : {
          "min" : 0,
          "max" : 0,
          "mean" : 0.000000,
          "stddev" : 0.000000,
          "N" : 0
        },
        "bw_min" : 0,
        "bw_max" : 0,
        "bw_agg" : 0.000000,
        "bw_mean" : 0.000000,
        "bw_dev" : 0.000000,
        "bw_samples" : 0,
        "iops_min" : 0,
        "iops_max" : 0,
        "iops_mean" : 0.000000,
        "iops_stddev" : 0.000000,
        "iops_samples" : 0
      },
      "trim" : {
        "io_bytes" : 0,
        "io_kbytes" : 0,
        "bw_bytes" : 0,
        "bw" : 0,
        "iops" : 0.000000,
        "runtime" : 0,
        "total_ios" : 0,
        "short_ios" : 0,
        "drop_ios" : 0,
        "slat_ns" : {
          "min" : 0,
          "max" : 0,
          "mean" : 0.000000,
          "stddev" : 0.000000,
          "N" : 0
        },
        "clat_ns" : {
          "min" : 0,
          "max" : 0,
          "mean" : 0.000000,
          "stddev" : 0.000000,
          "N" : 0
        },
        "lat_ns" : {
          "min" : 0,
          "max" : 0,
          "mean" : 0.000000,
          "stddev" : 0.000000,
          "N" : 0
        },
        "bw_min" : 0,
        "bw_max" : 0,
        "bw_agg" : 0.000000,
        "bw_mean" : 0.000000,
        "bw_dev" : 0.000000,
        "bw_samples" : 0,
        "iops_min" : 0,
        "iops_max" : 0,
        "iops_mean" : 0.000000,
        "iops_stddev" : 0.000000,
        "iops_samples" : 0
      },
      "sync" : {
        "total_ios" : 0,
        "lat_ns" : {
          "min" : 0,
          "max" : 0,
          "mean" : 0.000000,
          "stddev" : 0.000000,
          "N" : 0
        }
      },
      "job_runtime" : 10000,
      "usr_cpu" : 0.110000,
      "sys_cpu" : 0.780000,
      "ctx" : 35861,
      "majf" : 0,
      "minf" : 27,
      "iodepth_level" : {
        "1" : 100.000000,
        "2" : 0.000000,
        "4" : 0.000000,
        "8" : 0.000000,
        "16" : 0.000000,
        "32" : 0.000000,
        ">=64" : 0.000000
      },
      "iodepth_submit" : {
        "0" : 0.000000,
        "4" : 100.000000,
        "8" : 0.000000,
        "16" : 0.000000,
        "32" : 0.000000,
        "64" : 0.000000,
        ">=64" : 0.000000
      },
      "iodepth_complete" : {
        "0" : 0.000000,
        "4" : 100.000000,
        "8" : 0.000000,
        "16" : 0.000000,
        "32" : 0.000000,
        "64" : 0.000000,
        ">=64" : 0.000000
      },
      "latency_ns" : {
        "2" : 0.000000,
        "4" : 0.000000,
        "10" : 0.000000,
        "20" : 0.000000,
        "50" : 0.000000,
        "100" : 0.000000,
        "250" : 0.000000,
        "500" : 0.000000,
        "750" : 0.000000,
        "1000" : 0.000000
      },
      "latency_us" : {
        "2" : 0.000000,
        "4" : 0.000000,
        "10" : 0.000000,
        "20" : 0.000000,
        "50" : 0.000000,
        "100" : 0.000000,
        "250" : 20.902931,
        "500" : 79.097069,
        "750" : 0.000000,
        "1000" : 0.000000
      },
      "latency_ms" : {
        "2" : 0.000000,
        "4" : 0.000000,
        "10" : 0.000000,
        "20" : 0.000000,
        "50" : 0.000000,
        "100" : 0.000000,
        "250" : 0.000000,
        "500" : 0.000000,
        "750" : 0.000000,
        "1000" : 0.000000,
        "2000" : 0.000000,
        ">=2000" : 0.000000
      },
      "latency_depth" : 1,
      "latency_target" : 0,
      "latency_percentile" : 100.000000,
      "latency_window" : 0
    }
  ],
  "disk_util" : [
    {
      "name" : "nvme1n1",
      "read_ios" : 35497,
      "write_ios" : 0,
      "read_merges" : 0,
      "write_merges" : 0,
      "read_ticks" : 9828,
      "write_ticks" : 0,
      "in_queue" : 9828,
      "util" : 99.019412
    }
  ]
}
