{
  "fio version" : "fio-3.28",
  "timestamp" : 1704258730,
  "timestamp_ms" : 1704258730379,
  "time" : "Wed Jan  3 05:12:10 2024",
  "jobs" : [
    {
      "jobname" : "RW_131072",
      "groupid" : 0,
      "error" : 0,
      "eta" : 0,
      "elapsed" : 47,
      "job options" : {
        "name" : "RW_131072",
        "rw" : "randwrite",
        "bs" : "131072",
        "iodepth" : "1",
        "size" : "8589934592",
        "numjobs" : "1",
        "direct" : "1",
        "filename" : "/dev/nvme1n1",
        "offset" : "51539607552",
        "startdelay" : "40",
        "runtime" : "80"
      },
      "read" : {
        "io_bytes" : 0,
        "io_kbytes" : 0,
        "bw_bytes" : 0,
        "bw" : 0,
        "iops" : 0.000000,
        "runtime" : 0,
        "total_ios" : 0,
        "short_ios" : 0,
        "drop_ios" : 0,
        "slat_ns" : {
          "min" : 0,
          "max" : 0,
          "mean" : 0.000000,
          "stddev" : 0.000000,
          "N" : 0
        },
        "clat_ns" : {
          "min" : 0,
          "max" : 0,
          "mean" : 0.000000,
          "stddev" : 0.000000,
          "N" : 0
        },
        "lat_ns" : {
          "min" : 0,
          "max" : 0,
          "mean" : 0.000000,
          "stddev" : 0.000000,
          "N" : 0
        },
        "bw_min" : 0,
        "bw_max" : 0,
        "bw_agg" : 0.000000,
        "bw_mean" : 0.000000,
        "bw_dev" : 0.000000,
        "bw_samples" : 0,
        "iops_min" : 0,
        "iops_max" : 0,
        "iops_mean" : 0.000000,
        "iops_stddev" : 0.000000,
        "iops_samples" : 0
      },
      "write" : {
        "io_bytes" : 8589934592,
        "io_kbytes" : 8388608,
        "bw_bytes" : 1438850015,
        "bw" : 1405126,
        "iops" : 10977.554439,
        "runtime" : 5970,
        "total_ios" : 65536,
        "short_ios" : 0,
        "drop_ios" : 0,
        "slat_ns" : {
          "min" : 0,
          "max" : 0,
          "mean" : 0.000000,
          "stddev" : 0.000000,
          "N" : 0
        },
        "clat_ns" : {
          "min" : 62454,
          "max" : 3592853,
          "mean" : 86864.515945,
          "stddev" : 35449.992117,
          "N" : 65536,
          "percentile" : {
            "1.000000" : 63232,
            "5.000000" : 64768,
            "10.000000" : 66048,
            "20.000000" : 68096,
            "30.000000" : 80384,
            "40.000000" : 83456,
            "50.000000" : 86528,
            "60.000000" : 91648,
            "70.000000" : 94720,
            "80.000000" : 98816,
            "90.000000" : 104960,
            "95.000000" : 110080,
            "99.000000" : 117248,
            "99.500000" : 121344,
            "99.900000" : 150528,
            "99.950000" : 268288,
            "99.990000" : 1433600
          }
        },
        "lat_ns" : {
          "min" : 65454,
          "max" : 3595789,
          "mean" : 90915.902283,
          "stddev" : 35670.080693,
          "N" : 65536
        },
        "bw_min" : 1392128,
        "bw_max" : 1424640,
        "bw_agg" : 100.000000,
        "bw_mean" : 1406301.090909,
        "bw_dev" : 10535.432800,
        "bw_samples" : 11,
        "iops_min" : 10876,
        "iops_max" : 11130,
        "iops_mean" : 10986.727273,
        "iops_stddev" : 82.308069,
        "iops_samples" : 11
      },
      "trim" : {
        "io_bytes" : 0,
        "io_kbytes" : 0,
        "bw_bytes" : 0,
        "bw" : 0,
        "iops" : 0.000000,
        "runtime" : 0,
        "total_ios" : 0,
        "short_ios" : 0,
        "drop_ios" : 0,
        "slat_ns" : {
          "min" : 0,
          "max" : 0,
          "mean" : 0.000000,
          "stddev" : 0.000000,
          "N" : 0
        },
        "clat_ns" : {
          "min" : 0,
          "max" : 0,
          "mean" : 0.000000,
          "stddev" : 0.000000,
          "N" : 0
        },
        "lat_ns" : {
          "min" : 0,
          "max" : 0,
          "mean" : 0.000000,
          "stddev" : 0.000000,
          "N" : 0
        },
        "bw_min" : 0,
        "bw_max" : 0,
        "bw_agg" : 0.000000,
        "bw_mean" : 0.000000,
        "bw_dev" : 0.000000,
        "bw_samples" : 0,
        "iops_min" : 0,
        "iops_max" : 0,
        "iops_mean" : 0.000000,
        "iops_stddev" : 0.000000,
        "iops_samples" : 0
      },
      "sync" : {
        "total_ios" : 0,
        "lat_ns" : {
          "min" : 0,
          "max" : 0,
          "mean" : 0.000000,
          "stddev" : 0.000000,
          "N" : 0
        }
      },
      "job_runtime" : 5969,
      "usr_cpu" : 5.243759,
      "sys_cpu" : 2.127660,
      "ctx" : 65549,
      "majf" : 0,
      "minf" : 12,
      "iodepth_level" : {
        "1" : 100.000000,
        "2" : 0.000000,
        "4" : 0.000000,
        "8" : 0.000000,
        "16" : 0.000000,
        "32" : 0.000000,
        ">=64" : 0.000000
      },
      "iodepth_submit" : {
        "0" : 0.000000,
        "4" : 100.000000,
        "8" : 0.000000,
        "16" : 0.000000,
        "32" : 0.000000,
        "64" : 0.000000,
        ">=64" : 0.000000
      },
      "iodepth_complete" : {
        "0" : 0.000000,
        "4" : 100.000000,
        "8" : 0.000000,
        "16" : 0.000000,
        "32" : 0.000000,
        "64" : 0.000000,
        ">=64" : 0.000000
      },
      "latency_ns" : {
        "2" : 0.000000,
        "4" : 0.000000,
        "10" : 0.000000,
        "20" : 0.000000,
        "50" : 0.000000,
        "100" : 0.000000,
        "250" : 0.000000,
        "500" : 0.000000,
        "750" : 0.000000,
        "1000" : 0.000000
      },
      "latency_us" : {
        "2" : 0.000000,
        "4" : 0.000000,
        "10" : 0.000000,
        "20" : 0.000000,
        "50" : 0.000000,
        "100" : 83.056641,
        "250" : 16.891479,
        "500" : 0.022888,
        "750" : 0.010000,
        "1000" : 0.010000
      },
      "latency_ms" : {
        "2" : 0.013733,
        "4" : 0.010000,
        "10" : 0.000000,
        "20" : 0.000000,
        "50" : 0.000000,
        "100" : 0.000000,
        "250" : 0.000000,
        "500" : 0.000000,
        "750" : 0.000000,
        "1000" : 0.000000,
        "2000" : 0.000000,
        ">=2000" : 0.000000
      },
      "latency_depth" : 1,
      "latency_target" : 0,
      "latency_percentile" : 100.000000,
      "latency_window" : 0
    }
  ],
  "disk_util" : [
    {
      "name" : "nvme1n1",
      "read_ios" : 0,
      "write_ios" : 64051,
      "read_merges" : 0,
      "write_merges" : 0,
      "read_ticks" : 0,
      "write_ticks" : 5418,
      "in_queue" : 5418,
      "util" : 98.381659
    }
  ]
}
