{
  "fio version" : "fio-3.28",
  "timestamp" : 1704258588,
  "timestamp_ms" : 1704258588384,
  "time" : "Wed Jan  3 05:09:48 2024",
  "jobs" : [
    {
      "jobname" : "RW_16384",
      "groupid" : 0,
      "error" : 0,
      "eta" : 0,
      "elapsed" : 52,
      "job options" : {
        "name" : "RW_16384",
        "rw" : "randwrite",
        "bs" : "16384",
        "iodepth" : "1",
        "size" : "8589934592",
        "numjobs" : "1",
        "direct" : "1",
        "filename" : "/dev/nvme1n1",
        "offset" : "25769803776",
        "startdelay" : "40",
        "runtime" : "80"
      },
      "read" : {
        "io_bytes" : 0,
        "io_kbytes" : 0,
        "bw_bytes" : 0,
        "bw" : 0,
        "iops" : 0.000000,
        "runtime" : 0,
        "total_ios" : 0,
        "short_ios" : 0,
        "drop_ios" : 0,
        "slat_ns" : {
          "min" : 0,
          "max" : 0,
          "mean" : 0.000000,
          "stddev" : 0.000000,
          "N" : 0
        },
        "clat_ns" : {
          "min" : 0,
          "max" : 0,
          "mean" : 0.000000,
          "stddev" : 0.000000,
          "N" : 0
        },
        "lat_ns" : {
          "min" : 0,
          "max" : 0,
          "mean" : 0.000000,
          "stddev" : 0.000000,
          "N" : 0
        },
        "bw_min" : 0,
        "bw_max" : 0,
        "bw_agg" : 0.000000,
        "bw_mean" : 0.000000,
        "bw_dev" : 0.000000,
        "bw_samples" : 0,
        "iops_min" : 0,
        "iops_max" : 0,
        "iops_mean" : 0.000000,
        "iops_stddev" : 0.000000,
        "iops_samples" : 0
      },
      "write" : {
        "io_bytes" : 8589934592,
        "io_kbytes" : 8388608,
        "bw_bytes" : 738982673,
        "bw" : 721662,
        "iops" : 45103.922918,
        "runtime" : 11624,
        "total_ios" : 524288,
        "short_ios" : 0,
        "drop_ios" : 0,
        "slat_ns" : {
          "min" : 0,
          "max" : 0,
          "mean" : 0.000000,
          "stddev" : 0.000000,
          "N" : 0
        },
        "clat_ns" : {
          "min" : 20760,
          "max" : 125973,
          "mean" : 21962.400946,
          "stddev" : 2089.351654,
          "N" : 524288,
          "percentile" : {
            "1.000000" : 21120,
            "5.000000" : 21120,
            "10.000000" : 21120,
            "20.000000" : 21120,
            "30.000000" : 21376,
            "40.000000" : 21376,
            "50.000000" : 21632,
            "60.000000" : 21632,
            "70.000000" : 21888,
            "80.000000" : 22144,
            "90.000000" : 22912,
            "95.000000" : 23680,
            "99.000000" : 25984,
            "99.500000" : 41216,
            "99.900000" : 45824,
            "99.950000" : 47872,
            "99.990000" : 78336
          }
        },
        "lat_ns" : {
          "min" : 20903,
          "max" : 126009,
          "mean" : 22005.726042,
          "stddev" : 2103.637711,
          "N" : 524288
        },
        "bw_min" : 704928,
        "bw_max" : 726880,
        "bw_agg" : 100.000000,
        "bw_mean" : 721939.478261,
        "bw_dev" : 6046.751110,
        "bw_samples" : 23,
        "iops_min" : 44058,
        "iops_max" : 45430,
        "iops_mean" : 45121.217391,
        "iops_stddev" : 377.921944,
        "iops_samples" : 23
      },
      "trim" : {
        "io_bytes" : 0,
        "io_kbytes" : 0,
        "bw_bytes" : 0,
        "bw" : 0,
        "iops" : 0.000000,
        "runtime" : 0,
        "total_ios" : 0,
        "short_ios" : 0,
        "drop_ios" : 0,
        "slat_ns" : {
          "min" : 0,
          "max" : 0,
          "mean" : 0.000000,
          "stddev" : 0.000000,
          "N" : 0
        },
        "clat_ns" : {
          "min" : 0,
          "max" : 0,
          "mean" : 0.000000,
          "stddev" : 0.000000,
          "N" : 0
        },
        "lat_ns" : {
          "min" : 0,
          "max" : 0,
          "mean" : 0.000000,
          "stddev" : 0.000000,
          "N" : 0
        },
        "bw_min" : 0,
        "bw_max" : 0,
        "bw_agg" : 0.000000,
        "bw_mean" : 0.000000,
        "bw_dev" : 0.000000,
        "bw_samples" : 0,
        "iops_min" : 0,
        "iops_max" : 0,
        "iops_mean" : 0.000000,
        "iops_stddev" : 0.000000,
        "iops_samples" : 0
      },
      "sync" : {
        "total_ios" : 0,
        "lat_ns" : {
          "min" : 0,
          "max" : 0,
          "mean" : 0.000000,
          "stddev" : 0.000000,
          "N" : 0
        }
      },
      "job_runtime" : 11623,
      "usr_cpu" : 2.107890,
      "sys_cpu" : 6.624796,
      "ctx" : 524326,
      "majf" : 0,
      "minf" : 9,
      "iodepth_level" : {
        "1" : 100.000000,
        "2" : 0.000000,
        "4" : 0.000000,
        "8" : 0.000000,
        "16" : 0.000000,
        "32" : 0.000000,
        ">=64" : 0.000000
      },
      "iodepth_submit" : {
        "0" : 0.000000,
        "4" : 100.000000,
        "8" : 0.000000,
        "16" : 0.000000,
        "32" : 0.000000,
        "64" : 0.000000,
        ">=64" : 0.000000
      },
      "iodepth_complete" : {
        "0" : 0.000000,
        "4" : 100.000000,
        "8" : 0.000000,
        "16" : 0.000000,
        "32" : 0.000000,
        "64" : 0.000000,
        ">=64" : 0.000000
      },
      "latency_ns" : {
        "2" : 0.000000,
        "4" : 0.000000,
        "10" : 0.000000,
        "20" : 0.000000,
        "50" : 0.000000,
        "100" : 0.000000,
        "250" : 0.000000,
        "500" : 0.000000,
        "750" : 0.000000,
        "1000" : 0.000000
      },
      "latency_us" : {
        "2" : 0.000000,
        "4" : 0.000000,
        "10" : 0.000000,
        "20" : 0.000000,
        "50" : 99.960899,
        "100" : 0.037003,
        "250" : 0.010000,
        "500" : 0.000000,
        "750" : 0.000000,
        "1000" : 0.000000
      },
      "latency_ms" : {
        "2" : 0.000000,
        "4" : 0.000000,
        "10" : 0.000000,
        "20" : 0.000000,
        "50" : 0.000000,
        "100" : 0.000000,
        "250" : 0.000000,
        "500" : 0.000000,
        "750" : 0.000000,
        "1000" : 0.000000,
        "2000" : 0.000000,
        ">=2000" : 0.000000
      },
      "latency_depth" : 1,
      "latency_target" : 0,
      "latency_percentile" : 100.000000,
      "latency_window" : 0
    }
  ],
  "disk_util" : [
    {
      "name" : "nvme1n1",
      "read_ios" : 0,
      "write_ios" : 522448,
      "read_merges" : 0,
      "write_merges" : 0,
      "read_ticks" : 0,
      "write_ticks" : 10690,
      "in_queue" : 10691,
      "util" : 99.220824
    }
  ]
}
