{
  "fio version" : "fio-3.28",
  "timestamp" : 1704258684,
  "timestamp_ms" : 1704258684078,
  "time" : "Wed Jan  3 05:11:24 2024",
  "jobs" : [
    {
      "jobname" : "RW_65536",
      "groupid" : 0,
      "error" : 0,
      "eta" : 0,
      "elapsed" : 47,
      "job options" : {
        "name" : "RW_65536",
        "rw" : "randwrite",
        "bs" : "65536",
        "iodepth" : "1",
        "size" : "8589934592",
        "numjobs" : "1",
        "direct" : "1",
        "filename" : "/dev/nvme1n1",
        "offset" : "42949672960",
        "startdelay" : "40",
        "runtime" : "80"
      },
      "read" : {
        "io_bytes" : 0,
        "io_kbytes" : 0,
        "bw_bytes" : 0,
        "bw" : 0,
        "iops" : 0.000000,
        "runtime" : 0,
        "total_ios" : 0,
        "short_ios" : 0,
        "drop_ios" : 0,
        "slat_ns" : {
          "min" : 0,
          "max" : 0,
          "mean" : 0.000000,
          "stddev" : 0.000000,
          "N" : 0
        },
        "clat_ns" : {
          "min" : 0,
          "max" : 0,
          "mean" : 0.000000,
          "stddev" : 0.000000,
          "N" : 0
        },
        "lat_ns" : {
          "min" : 0,
          "max" : 0,
          "mean" : 0.000000,
          "stddev" : 0.000000,
          "N" : 0
        },
        "bw_min" : 0,
        "bw_max" : 0,
        "bw_agg" : 0.000000,
        "bw_mean" : 0.000000,
        "bw_dev" : 0.000000,
        "bw_samples" : 0,
        "iops_min" : 0,
        "iops_max" : 0,
        "iops_mean" : 0.000000,
        "iops_stddev" : 0.000000,
        "iops_samples" : 0
      },
      "write" : {
        "io_bytes" : 8589934592,
        "io_kbytes" : 8388608,
        "bw_bytes" : 1304668072,
        "bw" : 1274089,
        "iops" : 19907.654921,
        "runtime" : 6584,
        "total_ios" : 131072,
        "short_ios" : 0,
        "drop_ios" : 0,
        "slat_ns" : {
          "min" : 0,
          "max" : 0,
          "mean" : 0.000000,
          "stddev" : 0.000000,
          "N" : 0
        },
        "clat_ns" : {
          "min" : 38672,
          "max" : 2675792,
          "mean" : 48316.906914,
          "stddev" : 20068.472685,
          "N" : 131072,
          "percentile" : {
            "1.000000" : 39168,
            "5.000000" : 39168,
            "10.000000" : 39680,
            "20.000000" : 40192,
            "30.000000" : 40704,
            "40.000000" : 41216,
            "50.000000" : 41728,
            "60.000000" : 42752,
            "70.000000" : 59136,
            "80.000000" : 60672,
            "90.000000" : 63744,
            "95.000000" : 65280,
            "99.000000" : 68096,
            "99.500000" : 70144,
            "99.900000" : 79360,
            "99.950000" : 86528,
            "99.990000" : 577536
          }
        },
        "lat_ns" : {
          "min" : 40042,
          "max" : 2677309,
          "mean" : 50065.553757,
          "stddev" : 20088.461269,
          "N" : 131072
        },
        "bw_min" : 1265024,
        "bw_max" : 1282432,
        "bw_agg" : 100.000000,
        "bw_mean" : 1274643.692308,
        "bw_dev" : 4522.418958,
        "bw_samples" : 13,
        "iops_min" : 19766,
        "iops_max" : 20038,
        "iops_mean" : 19916.307692,
        "iops_stddev" : 70.662796,
        "iops_samples" : 13
      },
      "trim" : {
        "io_bytes" : 0,
        "io_kbytes" : 0,
        "bw_bytes" : 0,
        "bw" : 0,
        "iops" : 0.000000,
        "runtime" : 0,
        "total_ios" : 0,
        "short_ios" : 0,
        "drop_ios" : 0,
        "slat_ns" : {
          "min" : 0,
          "max" : 0,
          "mean" : 0.000000,
          "stddev" : 0.000000,
          "N" : 0
        },
        "clat_ns" : {
          "min" : 0,
          "max" : 0,
          "mean" : 0.000000,
          "stddev" : 0.000000,
          "N" : 0
        },
        "lat_ns" : {
          "min" : 0,
          "max" : 0,
          "mean" : 0.000000,
          "stddev" : 0.000000,
          "N" : 0
        },
        "bw_min" : 0,
        "bw_max" : 0,
        "bw_agg" : 0.000000,
        "bw_mean" : 0.000000,
        "bw_dev" : 0.000000,
        "bw_samples" : 0,
        "iops_min" : 0,
        "iops_max" : 0,
        "iops_mean" : 0.000000,
        "iops_stddev" : 0.000000,
        "iops_samples" : 0
      },
      "sync" : {
        "total_ios" : 0,
        "lat_ns" : {
          "min" : 0,
          "max" : 0,
          "mean" : 0.000000,
          "stddev" : 0.000000,
          "N" : 0
        }
      },
      "job_runtime" : 6583,
      "usr_cpu" : 5.119247,
      "sys_cpu" : 2.825460,
      "ctx" : 131078,
      "majf" : 0,
      "minf" : 11,
      "iodepth_level" : {
        "1" : 100.000000,
        "2" : 0.000000,
        "4" : 0.000000,
        "8" : 0.000000,
        "16" : 0.000000,
        "32" : 0.000000,
        ">=64" : 0.000000
      },
      "iodepth_submit" : {
        "0" : 0.000000,
        "4" : 100.000000,
        "8" : 0.000000,
        "16" : 0.000000,
        "32" : 0.000000,
        "64" : 0.000000,
        ">=64" : 0.000000
      },
      "iodepth_complete" : {
        "0" : 0.000000,
        "4" : 100.000000,
        "8" : 0.000000,
        "16" : 0.000000,
        "32" : 0.000000,
        "64" : 0.000000,
        ">=64" : 0.000000
      },
      "latency_ns" : {
        "2" : 0.000000,
        "4" : 0.000000,
        "10" : 0.000000,
        "20" : 0.000000,
        "50" : 0.000000,
        "100" : 0.000000,
        "250" : 0.000000,
        "500" : 0.000000,
        "750" : 0.000000,
        "1000" : 0.000000
      },
      "latency_us" : {
        "2" : 0.000000,
        "4" : 0.000000,
        "10" : 0.000000,
        "20" : 0.000000,
        "50" : 66.576385,
        "100" : 33.400726,
        "250" : 0.010000,
        "500" : 0.010000,
        "750" : 0.010000,
        "1000" : 0.010000
      },
      "latency_ms" : {
        "2" : 0.010000,
        "4" : 0.010000,
        "10" : 0.000000,
        "20" : 0.000000,
        "50" : 0.000000,
        "100" : 0.000000,
        "250" : 0.000000,
        "500" : 0.000000,
        "750" : 0.000000,
        "1000" : 0.000000,
        "2000" : 0.000000,
        ">=2000" : 0.000000
      },
      "latency_depth" : 1,
      "latency_target" : 0,
      "latency_percentile" : 100.000000,
      "latency_window" : 0
    }
  ],
  "disk_util" : [
    {
      "name" : "nvme1n1",
      "read_ios" : 0,
      "write_ios" : 126142,
      "read_merges" : 0,
      "write_merges" : 0,
      "read_ticks" : 0,
      "write_ticks" : 5861,
      "in_queue" : 5861,
      "util" : 98.539012
    }
  ]
}
